File path,Image label
dataset2/sunrise15.jpg,sunrise
dataset2/shine78.jpg,shine
dataset2/cloudy81.jpg,cloudy
dataset2/shine223.jpg,shine
dataset2/shine212.jpg,shine
dataset2/sunrise122.jpg,sunrise
dataset2/rain191.jpg,rain
dataset2/cloudy123.jpg,cloudy
dataset2/sunrise35.jpg,sunrise
dataset2/sunrise138.jpg,sunrise
dataset2/cloudy237.jpg,cloudy
dataset2/sunrise52.jpg,sunrise
dataset2/cloudy265.jpg,cloudy
dataset2/sunrise316.jpg,sunrise
dataset2/shine216.jpg,shine
dataset2/cloudy32.jpg,cloudy
dataset2/shine107.jpg,shine
dataset2/shine40.jpg,shine
dataset2/sunrise19.jpg,sunrise
dataset2/rain195.jpg,rain
dataset2/rain143.jpg,rain
dataset2/sunrise170.jpg,sunrise
dataset2/shine165.jpg,shine
dataset2/cloudy11.jpg,cloudy
dataset2/cloudy28.jpg,cloudy
dataset2/cloudy129.jpg,cloudy
dataset2/sunrise106.jpg,sunrise
dataset2/cloudy132.jpg,cloudy
dataset2/rain132.jpg,rain
dataset2/cloudy143.jpg,cloudy
dataset2/shine240.jpg,shine
dataset2/cloudy181.jpg,cloudy
dataset2/rain158.jpg,rain
dataset2/sunrise120.jpg,sunrise
dataset2/rain52.jpg,rain
dataset2/sunrise180.jpg,sunrise
dataset2/sunrise151.jpg,sunrise
dataset2/shine49.jpg,shine
dataset2/shine73.jpg,shine
dataset2/sunrise29.jpg,sunrise
dataset2/cloudy225.jpg,cloudy
dataset2/shine90.jpg,shine
dataset2/cloudy240.jpg,cloudy
dataset2/cloudy142.jpg,cloudy
dataset2/sunrise156.jpg,sunrise
dataset2/rain81.jpg,rain
dataset2/shine52.jpg,shine
dataset2/rain9.jpg,rain
dataset2/rain170.jpg,rain
dataset2/shine33.jpg,shine
dataset2/cloudy6.jpg,cloudy
dataset2/sunrise262.jpg,sunrise
dataset2/shine181.jpg,shine
dataset2/sunrise220.jpg,sunrise
dataset2/shine248.jpg,shine
dataset2/cloudy66.jpg,cloudy
dataset2/cloudy208.jpg,cloudy
dataset2/shine20.jpg,shine
dataset2/cloudy232.jpg,cloudy
dataset2/shine109.jpg,shine
dataset2/rain119.jpg,rain
dataset2/shine27.jpg,shine
dataset2/cloudy114.jpg,cloudy
dataset2/rain130.jpg,rain
dataset2/sunrise3.jpg,sunrise
dataset2/cloudy83.jpg,cloudy
dataset2/cloudy18.jpg,cloudy
dataset2/cloudy140.jpg,cloudy
dataset2/sunrise346.jpg,sunrise
dataset2/shine210.jpg,shine
dataset2/sunrise257.jpg,sunrise
dataset2/rain193.jpg,rain
dataset2/sunrise271.jpg,sunrise
dataset2/rain175.jpg,rain
dataset2/rain97.jpg,rain
dataset2/shine177.jpg,shine
dataset2/cloudy98.jpg,cloudy
dataset2/shine157.jpg,shine
dataset2/shine159.jpg,shine
dataset2/rain2.jpg,rain
dataset2/sunrise268.jpg,sunrise
dataset2/sunrise163.jpg,sunrise
dataset2/shine173.jpg,shine
dataset2/cloudy102.jpg,cloudy
dataset2/cloudy64.jpg,cloudy
dataset2/cloudy61.jpg,cloudy
dataset2/shine192.jpg,shine
dataset2/cloudy233.jpg,cloudy
dataset2/sunrise24.jpg,sunrise
dataset2/sunrise65.jpg,sunrise
dataset2/cloudy273.jpg,cloudy
dataset2/sunrise317.jpg,sunrise
dataset2/shine9.jpg,shine
dataset2/rain8.jpg,rain
dataset2/rain172.jpg,rain
dataset2/shine168.jpg,shine
dataset2/rain32.jpg,rain
dataset2/shine204.jpg,shine
dataset2/cloudy291.jpg,cloudy
dataset2/sunrise41.jpg,sunrise
dataset2/sunrise265.jpg,sunrise
dataset2/sunrise281.jpg,sunrise
dataset2/cloudy172.jpg,cloudy
dataset2/rain166.jpg,rain
dataset2/shine65.jpg,shine
dataset2/shine85.jpg,shine
dataset2/rain161.jpg,rain
dataset2/cloudy15.jpg,cloudy
dataset2/rain74.jpg,rain
dataset2/cloudy159.jpg,cloudy
dataset2/sunrise150.jpg,sunrise
dataset2/cloudy119.jpg,cloudy
dataset2/sunrise195.jpg,sunrise
dataset2/sunrise232.jpg,sunrise
dataset2/rain72.jpg,rain
dataset2/sunrise78.jpg,sunrise
dataset2/cloudy13.jpg,cloudy
dataset2/rain78.jpg,rain
dataset2/sunrise87.jpg,sunrise
dataset2/cloudy281.jpg,cloudy
dataset2/sunrise148.jpg,sunrise
dataset2/shine79.jpg,shine
dataset2/sunrise306.jpg,sunrise
dataset2/rain102.jpg,rain
dataset2/cloudy196.jpg,cloudy
dataset2/shine246.jpg,shine
dataset2/rain25.jpg,rain
dataset2/rain169.jpg,rain
dataset2/cloudy12.jpg,cloudy
dataset2/shine17.jpg,shine
dataset2/shine122.jpg,shine
dataset2/sunrise116.jpg,sunrise
dataset2/cloudy65.jpg,cloudy
dataset2/rain185.jpg,rain
dataset2/sunrise231.jpg,sunrise
dataset2/shine167.jpg,shine
dataset2/rain187.jpg,rain
dataset2/sunrise67.jpg,sunrise
dataset2/sunrise101.jpg,sunrise
dataset2/cloudy192.jpg,cloudy
dataset2/shine96.jpg,shine
dataset2/cloudy206.jpg,cloudy
dataset2/rain79.jpg,rain
dataset2/shine211.jpg,shine
dataset2/rain35.jpg,rain
dataset2/shine68.jpg,shine
dataset2/sunrise171.jpg,sunrise
dataset2/sunrise335.jpg,sunrise
dataset2/shine198.jpg,shine
dataset2/shine66.jpg,shine
dataset2/cloudy160.jpg,cloudy
dataset2/sunrise300.jpg,sunrise
dataset2/sunrise330.jpg,sunrise
dataset2/rain47.jpg,rain
dataset2/sunrise309.jpg,sunrise
dataset2/shine59.jpg,shine
dataset2/cloudy144.jpg,cloudy
dataset2/sunrise88.jpg,sunrise
dataset2/cloudy76.jpg,cloudy
dataset2/cloudy247.jpg,cloudy
dataset2/sunrise244.jpg,sunrise
dataset2/shine118.jpg,shine
dataset2/cloudy37.jpg,cloudy
dataset2/cloudy165.jpg,cloudy
dataset2/sunrise130.jpg,sunrise
dataset2/cloudy88.jpg,cloudy
dataset2/shine89.jpg,shine
dataset2/shine166.jpg,shine
dataset2/sunrise81.jpg,sunrise
dataset2/sunrise332.jpg,sunrise
dataset2/cloudy193.jpg,cloudy
dataset2/sunrise1.jpg,sunrise
dataset2/shine47.jpg,shine
dataset2/sunrise274.jpg,sunrise
dataset2/shine120.jpg,shine
dataset2/rain117.jpg,rain
dataset2/shine203.jpg,shine
dataset2/shine63.jpg,shine
dataset2/rain19.jpg,rain
dataset2/rain124.jpg,rain
dataset2/cloudy16.jpg,cloudy
dataset2/rain28.jpg,rain
dataset2/cloudy243.jpg,cloudy
dataset2/cloudy147.jpg,cloudy
dataset2/sunrise121.jpg,sunrise
dataset2/rain98.jpg,rain
dataset2/rain188.jpg,rain
dataset2/sunrise69.jpg,sunrise
dataset2/cloudy23.jpg,cloudy
dataset2/sunrise113.jpg,sunrise
dataset2/sunrise135.jpg,sunrise
dataset2/shine205.jpg,shine
dataset2/cloudy168.jpg,cloudy
dataset2/shine1.jpg,shine
dataset2/cloudy202.jpg,cloudy
dataset2/cloudy97.jpg,cloudy
dataset2/rain211.jpg,rain
dataset2/cloudy150.jpg,cloudy
dataset2/sunrise129.jpg,sunrise
dataset2/rain62.jpg,rain
dataset2/cloudy239.jpg,cloudy
dataset2/shine57.jpg,shine
dataset2/cloudy275.jpg,cloudy
dataset2/sunrise238.jpg,sunrise
dataset2/cloudy126.jpg,cloudy
dataset2/cloudy156.jpg,cloudy
dataset2/rain146.jpg,rain
dataset2/sunrise62.jpg,sunrise
dataset2/rain14.jpg,rain
dataset2/sunrise13.jpg,sunrise
dataset2/cloudy29.jpg,cloudy
dataset2/rain157.jpg,rain
dataset2/sunrise221.jpg,sunrise
dataset2/cloudy257.jpg,cloudy
dataset2/cloudy69.jpg,cloudy
dataset2/cloudy231.jpg,cloudy
dataset2/cloudy115.jpg,cloudy
dataset2/rain214.jpg,rain
dataset2/rain186.jpg,rain
dataset2/cloudy113.jpg,cloudy
dataset2/cloudy289.jpg,cloudy
dataset2/cloudy125.jpg,cloudy
dataset2/rain178.jpg,rain
dataset2/cloudy298.jpg,cloudy
dataset2/sunrise77.jpg,sunrise
dataset2/sunrise267.jpg,sunrise
dataset2/cloudy87.jpg,cloudy
dataset2/sunrise4.jpg,sunrise
dataset2/shine86.jpg,shine
dataset2/rain182.jpg,rain
dataset2/cloudy207.jpg,cloudy
dataset2/sunrise293.jpg,sunrise
dataset2/sunrise43.jpg,sunrise
dataset2/sunrise36.jpg,sunrise
dataset2/sunrise158.jpg,sunrise
dataset2/sunrise83.jpg,sunrise
dataset2/rain87.jpg,rain
dataset2/rain160.jpg,rain
dataset2/rain190.jpg,rain
dataset2/rain96.jpg,rain
dataset2/shine112.jpg,shine
dataset2/cloudy46.jpg,cloudy
dataset2/shine161.jpg,shine
dataset2/sunrise222.jpg,sunrise
dataset2/shine184.jpg,shine
dataset2/sunrise60.jpg,sunrise
dataset2/sunrise336.jpg,sunrise
dataset2/sunrise342.jpg,sunrise
dataset2/sunrise165.jpg,sunrise
dataset2/shine115.jpg,shine
dataset2/sunrise291.jpg,sunrise
dataset2/rain64.jpg,rain
dataset2/rain91.jpg,rain
dataset2/shine183.jpg,shine
dataset2/cloudy182.jpg,cloudy
dataset2/cloudy203.jpg,cloudy
dataset2/sunrise12.jpg,sunrise
dataset2/sunrise194.jpg,sunrise
dataset2/sunrise126.jpg,sunrise
dataset2/cloudy229.jpg,cloudy
dataset2/rain10.jpg,rain
dataset2/sunrise331.jpg,sunrise
dataset2/shine220.jpg,shine
dataset2/rain139.jpg,rain
dataset2/shine39.jpg,shine
dataset2/shine30.jpg,shine
dataset2/shine69.jpg,shine
dataset2/cloudy188.jpg,cloudy
dataset2/rain148.jpg,rain
dataset2/rain90.jpg,rain
dataset2/sunrise254.jpg,sunrise
dataset2/sunrise164.jpg,sunrise
dataset2/rain126.jpg,rain
dataset2/sunrise284.jpg,sunrise
dataset2/sunrise169.jpg,sunrise
dataset2/rain82.jpg,rain
dataset2/cloudy295.jpg,cloudy
dataset2/cloudy258.jpg,cloudy
dataset2/shine196.jpg,shine
dataset2/sunrise327.jpg,sunrise
dataset2/sunrise322.jpg,sunrise
dataset2/sunrise286.jpg,sunrise
dataset2/shine140.jpg,shine
dataset2/shine182.jpg,shine
dataset2/cloudy200.jpg,cloudy
dataset2/sunrise239.jpg,sunrise
dataset2/shine136.jpg,shine
dataset2/sunrise264.jpg,sunrise
dataset2/cloudy35.jpg,cloudy
dataset2/cloudy55.jpg,cloudy
dataset2/sunrise21.jpg,sunrise
dataset2/cloudy95.jpg,cloudy
dataset2/sunrise307.jpg,sunrise
dataset2/shine225.jpg,shine
dataset2/rain83.jpg,rain
dataset2/sunrise230.jpg,sunrise
dataset2/cloudy138.jpg,cloudy
dataset2/cloudy187.jpg,cloudy
dataset2/cloudy67.jpg,cloudy
dataset2/sunrise344.jpg,sunrise
dataset2/cloudy85.jpg,cloudy
dataset2/cloudy226.jpg,cloudy
dataset2/sunrise172.jpg,sunrise
dataset2/sunrise295.jpg,sunrise
dataset2/cloudy218.jpg,cloudy
dataset2/shine229.jpg,shine
dataset2/sunrise31.jpg,sunrise
dataset2/rain95.jpg,rain
dataset2/shine180.jpg,shine
dataset2/shine23.jpg,shine
dataset2/sunrise117.jpg,sunrise
dataset2/shine150.jpg,shine
dataset2/rain206.jpg,rain
dataset2/rain204.jpg,rain
dataset2/sunrise292.jpg,sunrise
dataset2/shine94.jpg,shine
dataset2/cloudy42.jpg,cloudy
dataset2/rain153.jpg,rain
dataset2/shine25.jpg,shine
dataset2/shine233.jpg,shine
dataset2/cloudy139.jpg,cloudy
dataset2/cloudy211.jpg,cloudy
dataset2/sunrise186.jpg,sunrise
dataset2/shine56.jpg,shine
dataset2/rain156.jpg,rain
dataset2/rain46.jpg,rain
dataset2/sunrise263.jpg,sunrise
dataset2/cloudy51.jpg,cloudy
dataset2/sunrise143.jpg,sunrise
dataset2/shine241.jpg,shine
dataset2/cloudy223.jpg,cloudy
dataset2/sunrise288.jpg,sunrise
dataset2/cloudy180.jpg,cloudy
dataset2/sunrise347.jpg,sunrise
dataset2/shine13.jpg,shine
dataset2/sunrise223.jpg,sunrise
dataset2/rain121.jpg,rain
dataset2/cloudy266.jpg,cloudy
dataset2/cloudy299.jpg,cloudy
dataset2/sunrise84.jpg,sunrise
dataset2/sunrise160.jpg,sunrise
dataset2/rain201.jpg,rain
dataset2/cloudy104.jpg,cloudy
dataset2/cloudy256.jpg,cloudy
dataset2/sunrise276.jpg,sunrise
dataset2/cloudy62.jpg,cloudy
dataset2/rain192.jpg,rain
dataset2/sunrise70.jpg,sunrise
dataset2/sunrise10.jpg,sunrise
dataset2/rain36.jpg,rain
dataset2/cloudy74.jpg,cloudy
dataset2/cloudy259.jpg,cloudy
dataset2/sunrise226.jpg,sunrise
dataset2/cloudy9.jpg,cloudy
dataset2/sunrise9.jpg,sunrise
dataset2/sunrise246.jpg,sunrise
dataset2/sunrise42.jpg,sunrise
dataset2/cloudy238.jpg,cloudy
dataset2/rain71.jpg,rain
dataset2/shine4.jpg,shine
dataset2/shine117.jpg,shine
dataset2/sunrise137.jpg,sunrise
dataset2/shine191.jpg,shine
dataset2/sunrise241.jpg,sunrise
dataset2/cloudy133.jpg,cloudy
dataset2/cloudy190.jpg,cloudy
dataset2/shine239.jpg,shine
dataset2/shine139.jpg,shine
dataset2/cloudy272.jpg,cloudy
dataset2/sunrise227.jpg,sunrise
dataset2/rain67.jpg,rain
dataset2/rain167.jpg,rain
dataset2/shine37.jpg,shine
dataset2/cloudy96.jpg,cloudy
dataset2/sunrise187.jpg,sunrise
dataset2/sunrise140.jpg,sunrise
dataset2/sunrise102.jpg,sunrise
dataset2/sunrise108.jpg,sunrise
dataset2/rain16.jpg,rain
dataset2/rain171.jpg,rain
dataset2/rain108.jpg,rain
dataset2/cloudy176.jpg,cloudy
dataset2/cloudy269.jpg,cloudy
dataset2/sunrise253.jpg,sunrise
dataset2/shine214.jpg,shine
dataset2/sunrise198.jpg,sunrise
dataset2/shine194.jpg,shine
dataset2/sunrise248.jpg,sunrise
dataset2/sunrise310.jpg,sunrise
dataset2/sunrise338.jpg,sunrise
dataset2/shine230.jpg,shine
dataset2/cloudy157.jpg,cloudy
dataset2/sunrise39.jpg,sunrise
dataset2/shine41.jpg,shine
dataset2/shine95.jpg,shine
dataset2/shine218.jpg,shine
dataset2/shine8.jpg,shine
dataset2/cloudy212.jpg,cloudy
dataset2/sunrise16.jpg,sunrise
dataset2/rain177.jpg,rain
dataset2/cloudy117.jpg,cloudy
dataset2/sunrise48.jpg,sunrise
dataset2/sunrise179.jpg,sunrise
dataset2/cloudy130.jpg,cloudy
dataset2/rain128.jpg,rain
dataset2/shine60.jpg,shine
dataset2/cloudy260.jpg,cloudy
dataset2/cloudy122.jpg,cloudy
dataset2/rain94.jpg,rain
dataset2/rain174.jpg,rain
dataset2/shine253.jpg,shine
dataset2/sunrise299.jpg,sunrise
dataset2/sunrise44.jpg,sunrise
dataset2/cloudy215.jpg,cloudy
dataset2/rain76.jpg,rain
dataset2/shine215.jpg,shine
dataset2/sunrise58.jpg,sunrise
dataset2/shine201.jpg,shine
dataset2/rain18.jpg,rain
dataset2/sunrise325.jpg,sunrise
dataset2/rain21.jpg,rain
dataset2/cloudy38.jpg,cloudy
dataset2/sunrise294.jpg,sunrise
dataset2/cloudy25.jpg,cloudy
dataset2/shine152.jpg,shine
dataset2/shine32.jpg,shine
dataset2/sunrise128.jpg,sunrise
dataset2/sunrise57.jpg,sunrise
dataset2/cloudy41.jpg,cloudy
dataset2/sunrise112.jpg,sunrise
dataset2/sunrise206.jpg,sunrise
dataset2/shine234.jpg,shine
dataset2/shine242.jpg,shine
dataset2/rain7.jpg,rain
dataset2/sunrise46.jpg,sunrise
dataset2/shine5.jpg,shine
dataset2/sunrise144.jpg,sunrise
dataset2/shine179.jpg,shine
dataset2/sunrise79.jpg,sunrise
dataset2/shine222.jpg,shine
dataset2/sunrise74.jpg,sunrise
dataset2/sunrise228.jpg,sunrise
dataset2/cloudy44.jpg,cloudy
dataset2/sunrise320.jpg,sunrise
dataset2/cloudy175.jpg,cloudy
dataset2/rain162.jpg,rain
dataset2/cloudy286.jpg,cloudy
dataset2/sunrise184.jpg,sunrise
dataset2/sunrise18.jpg,sunrise
dataset2/rain137.jpg,rain
dataset2/cloudy254.jpg,cloudy
dataset2/rain60.jpg,rain
dataset2/cloudy111.jpg,cloudy
dataset2/sunrise20.jpg,sunrise
dataset2/cloudy30.jpg,cloudy
dataset2/cloudy224.jpg,cloudy
dataset2/rain5.jpg,rain
dataset2/shine127.jpg,shine
dataset2/cloudy20.jpg,cloudy
dataset2/sunrise173.jpg,sunrise
dataset2/shine160.jpg,shine
dataset2/sunrise32.jpg,sunrise
dataset2/cloudy80.jpg,cloudy
dataset2/rain168.jpg,rain
dataset2/sunrise234.jpg,sunrise
dataset2/cloudy77.jpg,cloudy
dataset2/cloudy292.jpg,cloudy
dataset2/rain213.jpg,rain
dataset2/shine11.jpg,shine
dataset2/sunrise210.jpg,sunrise
dataset2/shine149.jpg,shine
dataset2/rain176.jpg,rain
dataset2/shine250.jpg,shine
dataset2/sunrise341.jpg,sunrise
dataset2/shine34.jpg,shine
dataset2/sunrise240.jpg,sunrise
dataset2/sunrise242.jpg,sunrise
dataset2/cloudy94.jpg,cloudy
dataset2/shine22.jpg,shine
dataset2/shine100.jpg,shine
dataset2/rain31.jpg,rain
dataset2/cloudy108.jpg,cloudy
dataset2/rain15.jpg,rain
dataset2/cloudy99.jpg,cloudy
dataset2/shine193.jpg,shine
dataset2/rain54.jpg,rain
dataset2/sunrise352.jpg,sunrise
dataset2/shine155.jpg,shine
dataset2/rain212.jpg,rain
dataset2/sunrise235.jpg,sunrise
dataset2/cloudy127.jpg,cloudy
dataset2/sunrise203.jpg,sunrise
dataset2/cloudy43.jpg,cloudy
dataset2/cloudy79.jpg,cloudy
dataset2/sunrise25.jpg,sunrise
dataset2/shine46.jpg,shine
dataset2/cloudy290.jpg,cloudy
dataset2/sunrise214.jpg,sunrise
dataset2/shine62.jpg,shine
dataset2/rain154.jpg,rain
dataset2/cloudy17.jpg,cloudy
dataset2/rain149.jpg,rain
dataset2/shine164.jpg,shine
dataset2/shine188.jpg,shine
dataset2/shine251.jpg,shine
dataset2/sunrise30.jpg,sunrise
dataset2/cloudy136.jpg,cloudy
dataset2/cloudy78.jpg,cloudy
dataset2/sunrise95.jpg,sunrise
dataset2/sunrise315.jpg,sunrise
dataset2/cloudy253.jpg,cloudy
dataset2/shine50.jpg,shine
dataset2/shine141.jpg,shine
dataset2/sunrise142.jpg,sunrise
dataset2/cloudy170.jpg,cloudy
dataset2/rain42.jpg,rain
dataset2/cloudy82.jpg,cloudy
dataset2/sunrise47.jpg,sunrise
dataset2/rain84.jpg,rain
dataset2/sunrise318.jpg,sunrise
dataset2/sunrise23.jpg,sunrise
dataset2/cloudy68.jpg,cloudy
dataset2/rain51.jpg,rain
dataset2/sunrise205.jpg,sunrise
dataset2/cloudy245.jpg,cloudy
dataset2/rain48.jpg,rain
dataset2/rain3.jpg,rain
dataset2/shine101.jpg,shine
dataset2/sunrise166.jpg,sunrise
dataset2/rain120.jpg,rain
dataset2/shine12.jpg,shine
dataset2/cloudy221.jpg,cloudy
dataset2/rain58.jpg,rain
dataset2/cloudy210.jpg,cloudy
dataset2/shine237.jpg,shine
dataset2/sunrise123.jpg,sunrise
dataset2/rain65.jpg,rain
dataset2/shine114.jpg,shine
dataset2/cloudy261.jpg,cloudy
dataset2/sunrise333.jpg,sunrise
dataset2/sunrise349.jpg,sunrise
dataset2/shine53.jpg,shine
dataset2/cloudy103.jpg,cloudy
dataset2/sunrise252.jpg,sunrise
dataset2/cloudy53.jpg,cloudy
dataset2/shine202.jpg,shine
dataset2/rain93.jpg,rain
dataset2/sunrise59.jpg,sunrise
dataset2/cloudy279.jpg,cloudy
dataset2/rain210.jpg,rain
dataset2/sunrise56.jpg,sunrise
dataset2/sunrise260.jpg,sunrise
dataset2/sunrise251.jpg,sunrise
dataset2/sunrise136.jpg,sunrise
dataset2/cloudy141.jpg,cloudy
dataset2/shine227.jpg,shine
dataset2/cloudy234.jpg,cloudy
dataset2/sunrise287.jpg,sunrise
dataset2/sunrise229.jpg,sunrise
dataset2/rain114.jpg,rain
dataset2/sunrise110.jpg,sunrise
dataset2/sunrise159.jpg,sunrise
dataset2/rain138.jpg,rain
dataset2/shine111.jpg,shine
dataset2/cloudy90.jpg,cloudy
dataset2/cloudy177.jpg,cloudy
dataset2/cloudy255.jpg,cloudy
dataset2/sunrise199.jpg,sunrise
dataset2/shine189.jpg,shine
dataset2/sunrise339.jpg,sunrise
dataset2/shine151.jpg,shine
dataset2/shine29.jpg,shine
dataset2/sunrise53.jpg,sunrise
dataset2/rain125.jpg,rain
dataset2/sunrise193.jpg,sunrise
dataset2/sunrise259.jpg,sunrise
dataset2/cloudy93.jpg,cloudy
dataset2/rain109.jpg,rain
dataset2/sunrise278.jpg,sunrise
dataset2/shine142.jpg,shine
dataset2/rain202.jpg,rain
dataset2/rain106.jpg,rain
dataset2/sunrise92.jpg,sunrise
dataset2/sunrise353.jpg,sunrise
dataset2/rain23.jpg,rain
dataset2/sunrise27.jpg,sunrise
dataset2/sunrise312.jpg,sunrise
dataset2/shine6.jpg,shine
dataset2/rain100.jpg,rain
dataset2/sunrise181.jpg,sunrise
dataset2/sunrise40.jpg,sunrise
dataset2/rain205.jpg,rain
dataset2/rain113.jpg,rain
dataset2/sunrise302.jpg,sunrise
dataset2/shine87.jpg,shine
dataset2/cloudy213.jpg,cloudy
dataset2/shine190.jpg,shine
dataset2/sunrise212.jpg,sunrise
dataset2/shine206.jpg,shine
dataset2/sunrise192.jpg,sunrise
dataset2/rain164.jpg,rain
dataset2/cloudy280.jpg,cloudy
dataset2/shine133.jpg,shine
dataset2/shine116.jpg,shine
dataset2/cloudy10.jpg,cloudy
dataset2/sunrise277.jpg,sunrise
dataset2/shine35.jpg,shine
dataset2/cloudy63.jpg,cloudy
dataset2/sunrise133.jpg,sunrise
dataset2/sunrise247.jpg,sunrise
dataset2/sunrise328.jpg,sunrise
dataset2/shine2.jpg,shine
dataset2/shine108.jpg,shine
dataset2/rain39.jpg,rain
dataset2/shine93.jpg,shine
dataset2/rain147.jpg,rain
dataset2/rain37.jpg,rain
dataset2/sunrise326.jpg,sunrise
dataset2/sunrise178.jpg,sunrise
dataset2/sunrise218.jpg,sunrise
dataset2/sunrise301.jpg,sunrise
dataset2/shine172.jpg,shine
dataset2/sunrise297.jpg,sunrise
dataset2/shine97.jpg,shine
dataset2/shine54.jpg,shine
dataset2/cloudy124.jpg,cloudy
dataset2/rain134.jpg,rain
dataset2/sunrise174.jpg,sunrise
dataset2/rain198.jpg,rain
dataset2/shine106.jpg,shine
dataset2/rain152.jpg,rain
dataset2/shine207.jpg,shine
dataset2/cloudy163.jpg,cloudy
dataset2/sunrise17.jpg,sunrise
dataset2/rain131.jpg,rain
dataset2/sunrise80.jpg,sunrise
dataset2/cloudy277.jpg,cloudy
dataset2/cloudy120.jpg,cloudy
dataset2/sunrise99.jpg,sunrise
dataset2/cloudy39.jpg,cloudy
dataset2/rain11.jpg,rain
dataset2/rain151.jpg,rain
dataset2/rain61.jpg,rain
dataset2/cloudy283.jpg,cloudy
dataset2/cloudy33.jpg,cloudy
dataset2/rain70.jpg,rain
dataset2/cloudy134.jpg,cloudy
dataset2/rain181.jpg,rain
dataset2/cloudy199.jpg,cloudy
dataset2/sunrise54.jpg,sunrise
dataset2/sunrise311.jpg,sunrise
dataset2/sunrise177.jpg,sunrise
dataset2/rain208.jpg,rain
dataset2/rain135.jpg,rain
dataset2/cloudy264.jpg,cloudy
dataset2/cloudy121.jpg,cloudy
dataset2/rain209.jpg,rain
dataset2/cloudy262.jpg,cloudy
dataset2/cloudy249.jpg,cloudy
dataset2/sunrise157.jpg,sunrise
dataset2/sunrise134.jpg,sunrise
dataset2/shine209.jpg,shine
dataset2/sunrise155.jpg,sunrise
dataset2/shine153.jpg,shine
dataset2/sunrise191.jpg,sunrise
dataset2/cloudy194.jpg,cloudy
dataset2/sunrise168.jpg,sunrise
dataset2/shine48.jpg,shine
dataset2/rain159.jpg,rain
dataset2/sunrise104.jpg,sunrise
dataset2/rain165.jpg,rain
dataset2/rain112.jpg,rain
dataset2/cloudy137.jpg,cloudy
dataset2/cloudy216.jpg,cloudy
dataset2/sunrise73.jpg,sunrise
dataset2/cloudy235.jpg,cloudy
dataset2/shine146.jpg,shine
dataset2/shine174.jpg,shine
dataset2/shine70.jpg,shine
dataset2/cloudy131.jpg,cloudy
dataset2/shine14.jpg,shine
dataset2/cloudy236.jpg,cloudy
dataset2/sunrise167.jpg,sunrise
dataset2/sunrise273.jpg,sunrise
dataset2/sunrise14.jpg,sunrise
dataset2/shine154.jpg,shine
dataset2/rain30.jpg,rain
dataset2/shine145.jpg,shine
dataset2/rain44.jpg,rain
dataset2/sunrise283.jpg,sunrise
dataset2/cloudy70.jpg,cloudy
dataset2/shine224.jpg,shine
dataset2/cloudy219.jpg,cloudy
dataset2/rain136.jpg,rain
dataset2/sunrise303.jpg,sunrise
dataset2/cloudy14.jpg,cloudy
dataset2/sunrise337.jpg,sunrise
dataset2/sunrise141.jpg,sunrise
dataset2/shine44.jpg,shine
dataset2/cloudy184.jpg,cloudy
dataset2/cloudy146.jpg,cloudy
dataset2/sunrise323.jpg,sunrise
dataset2/sunrise275.jpg,sunrise
dataset2/shine102.jpg,shine
dataset2/shine55.jpg,shine
dataset2/shine221.jpg,shine
dataset2/shine42.jpg,shine
dataset2/cloudy287.jpg,cloudy
dataset2/rain145.jpg,rain
dataset2/cloudy293.jpg,cloudy
dataset2/shine195.jpg,shine
dataset2/cloudy89.jpg,cloudy
dataset2/cloudy8.jpg,cloudy
dataset2/cloudy242.jpg,cloudy
dataset2/sunrise321.jpg,sunrise
dataset2/cloudy198.jpg,cloudy
dataset2/cloudy205.jpg,cloudy
dataset2/cloudy72.jpg,cloudy
dataset2/cloudy222.jpg,cloudy
dataset2/cloudy195.jpg,cloudy
dataset2/shine249.jpg,shine
dataset2/rain104.jpg,rain
dataset2/sunrise224.jpg,sunrise
dataset2/shine252.jpg,shine
dataset2/cloudy106.jpg,cloudy
dataset2/sunrise324.jpg,sunrise
dataset2/sunrise290.jpg,sunrise
dataset2/shine200.jpg,shine
dataset2/rain107.jpg,rain
dataset2/shine58.jpg,shine
dataset2/shine138.jpg,shine
dataset2/sunrise233.jpg,sunrise
dataset2/sunrise119.jpg,sunrise
dataset2/cloudy91.jpg,cloudy
dataset2/rain17.jpg,rain
dataset2/cloudy54.jpg,cloudy
dataset2/sunrise114.jpg,sunrise
dataset2/rain150.jpg,rain
dataset2/sunrise204.jpg,sunrise
dataset2/shine91.jpg,shine
dataset2/shine103.jpg,shine
dataset2/sunrise152.jpg,sunrise
dataset2/shine132.jpg,shine
dataset2/cloudy167.jpg,cloudy
dataset2/cloudy191.jpg,cloudy
dataset2/shine156.jpg,shine
dataset2/shine21.jpg,shine
dataset2/sunrise356.jpg,sunrise
dataset2/cloudy107.jpg,cloudy
dataset2/cloudy166.jpg,cloudy
dataset2/shine98.jpg,shine
dataset2/rain59.jpg,rain
dataset2/rain105.jpg,rain
dataset2/shine231.jpg,shine
dataset2/sunrise236.jpg,sunrise
dataset2/cloudy22.jpg,cloudy
dataset2/rain194.jpg,rain
dataset2/sunrise146.jpg,sunrise
dataset2/cloudy49.jpg,cloudy
dataset2/sunrise125.jpg,sunrise
dataset2/shine7.jpg,shine
dataset2/sunrise208.jpg,sunrise
dataset2/sunrise71.jpg,sunrise
dataset2/cloudy7.jpg,cloudy
dataset2/rain12.jpg,rain
dataset2/shine119.jpg,shine
dataset2/shine158.jpg,shine
dataset2/shine175.jpg,shine
dataset2/shine243.jpg,shine
dataset2/sunrise45.jpg,sunrise
dataset2/cloudy174.jpg,cloudy
dataset2/shine208.jpg,shine
dataset2/cloudy135.jpg,cloudy
dataset2/shine185.jpg,shine
dataset2/sunrise55.jpg,sunrise
dataset2/cloudy56.jpg,cloudy
dataset2/shine162.jpg,shine
dataset2/cloudy209.jpg,cloudy
dataset2/rain200.jpg,rain
dataset2/cloudy45.jpg,cloudy
dataset2/shine31.jpg,shine
dataset2/sunrise215.jpg,sunrise
dataset2/shine186.jpg,shine
dataset2/sunrise258.jpg,sunrise
dataset2/cloudy270.jpg,cloudy
